INSERT INTO LOCATION  VALUES (1,'Wrocław')
INSERT INTO LOCATION  VALUES (2,'Warszawa')
INSERT INTO LOCATION  VALUES (3,'Kraków')
INSERT INTO LOCATION  VALUES (4,'Gdańsk')
INSERT INTO LOCATION  VALUES (5,'Gdynia')
INSERT INTO LOCATION  VALUES (6,'Lublin')
INSERT INTO JOB_OFFER (ID,TITLE,DESCRIPTION)  VALUES (1,'Fullstack','angular+java')
INSERT INTO JOB_OFFER (ID,TITLE,DESCRIPTION)  VALUES (2,'Fullstack','angular+java')
INSERT INTO JOB_OFFER (ID,TITLE,DESCRIPTION)  VALUES (3,'Fullstack','angular+java')
INSERT INTO JOB_OFFER (ID,TITLE,DESCRIPTION)  VALUES (4,'Fullstack','angular+java')
INSERT INTO JOB_OFFER (ID,TITLE,DESCRIPTION)  VALUES (5,'Fullstack','angular+java')
INSERT INTO JOB_OFFER (ID,TITLE,DESCRIPTION)  VALUES (6,'Fullstack','angular+java')
INSERT INTO JOB_OFFER (ID,TITLE,DESCRIPTION)  VALUES (7,'Fullstack','angular+java')
INSERT INTO JOB_OFFER (ID,TITLE,DESCRIPTION)  VALUES (8,'Fullstack','angular+java')
INSERT INTO JOB_OFFER (ID,TITLE,DESCRIPTION)  VALUES (9,'Fullstack','angular+java')
INSERT INTO JOB_OFFER (ID,TITLE,DESCRIPTION)  VALUES (10,'Fullstack','angular+java')
INSERT INTO JOB_OFFER (ID,TITLE,DESCRIPTION)  VALUES (11,'Fullstack','angular+java')
INSERT INTO JOB_OFFER (ID,TITLE,DESCRIPTION)  VALUES (12,'Fullstack','angular+java')
INSERT INTO JOB_OFFER (ID,TITLE,DESCRIPTION)  VALUES (13,'Fullstack','angular+java')
INSERT INTO JOB_OFFER (ID,TITLE,DESCRIPTION)  VALUES (14,'Fullstack','angular+java')
INSERT INTO JOB_OFFER (ID,TITLE,DESCRIPTION)  VALUES (15,'Fullstack','angular+java')
INSERT INTO JOB_OFFER (ID,TITLE,DESCRIPTION)  VALUES (16,'Fullstack','angular+java')
INSERT INTO JOB_OFFER (ID,TITLE,DESCRIPTION)  VALUES (17,'Fullstack','angular+java')
INSERT INTO JOB_OFFER (ID,TITLE,DESCRIPTION)  VALUES (18,'Fullstack','angular+java')
INSERT INTO JOB_OFFER (ID,TITLE,DESCRIPTION)  VALUES (19,'Fullstack','angular+java')
INSERT INTO JOB_OFFER (ID,TITLE,DESCRIPTION)  VALUES (20,'Fullstack','angular+java')
INSERT INTO JOB_OFFER_LOCATION (LOCATION_ID,JOB_OFFER_ID)  VALUES (1,1)
INSERT INTO JOB_OFFER_LOCATION (LOCATION_ID,JOB_OFFER_ID)  VALUES (1,2)
INSERT INTO JOB_OFFER_LOCATION (LOCATION_ID,JOB_OFFER_ID)  VALUES (2,3)
INSERT INTO JOB_OFFER_LOCATION (LOCATION_ID,JOB_OFFER_ID)  VALUES (2,4)
INSERT INTO  JOB_OFFER_LOCATION (LOCATION_ID,JOB_OFFER_ID) VALUES (2,5)
INSERT INTO  JOB_OFFER_LOCATION (LOCATION_ID,JOB_OFFER_ID) VALUES (3,6)
INSERT INTO  JOB_OFFER_LOCATION (LOCATION_ID,JOB_OFFER_ID) VALUES (4,7)
INSERT INTO  JOB_OFFER_LOCATION (LOCATION_ID,JOB_OFFER_ID) VALUES (5,8)
INSERT INTO  JOB_OFFER_LOCATION (LOCATION_ID,JOB_OFFER_ID) VALUES (6,9)
INSERT INTO  JOB_OFFER_LOCATION (LOCATION_ID,JOB_OFFER_ID) VALUES (6,10)
INSERT INTO  JOB_OFFER_LOCATION (LOCATION_ID,JOB_OFFER_ID) VALUES (1,11)
INSERT INTO  JOB_OFFER_LOCATION (LOCATION_ID,JOB_OFFER_ID) VALUES (2,12)
INSERT INTO  JOB_OFFER_LOCATION (LOCATION_ID,JOB_OFFER_ID) VALUES (2,13)
INSERT INTO  JOB_OFFER_LOCATION (LOCATION_ID,JOB_OFFER_ID) VALUES (2,14)
INSERT INTO  JOB_OFFER_LOCATION (LOCATION_ID,JOB_OFFER_ID) VALUES (2,15)
INSERT INTO  JOB_OFFER_LOCATION (LOCATION_ID,JOB_OFFER_ID) VALUES (2,16)
INSERT INTO  JOB_OFFER_LOCATION (LOCATION_ID,JOB_OFFER_ID) VALUES (2,17)
INSERT INTO  JOB_OFFER_LOCATION (LOCATION_ID,JOB_OFFER_ID) VALUES (2,18)
INSERT INTO  JOB_OFFER_LOCATION (LOCATION_ID,JOB_OFFER_ID) VALUES (2,19)
INSERT INTO  JOB_OFFER_LOCATION (LOCATION_ID,JOB_OFFER_ID) VALUES (2,20)